{
  "model_id": "production_rf_L22_v1_ch14d",
  "sample": "L22",
  "cleanup": "v1_conservative",
  "algorithm": "RandomForest",
  "target": "churn_14d",
  "n_users": 33598,
  "n_features": 62,
  "n_train": 23531,
  "n_val": 5027,
  "n_test": 5040,
  "churn_rate_train": 0.5044409502358591,
  "best_params_json": "{\"n_estimators\": 248, \"max_depth\": 12, \"min_samples_split\": 11, \"min_samples_leaf\": 3, \"max_features\": 0.5, \"class_weight\": null}",
  "optuna_trials_completed": 20,
  "optuna_best_value": 0.896816235609076,
  "k_folds_oof": 5,
  "training_time_s": 37.5,
  "train_oof_auc_roc": 0.8939215656101204,
  "train_oof_auc_pr": 0.9220271810947331,
  "train_oof_brier": 0.12008876475867494,
  "train_oof_log_loss": 0.3746344499082849,
  "train_oof_f1_thr05": 0.8223565791295518,
  "train_oof_precision_thr05": 0.909360008165765,
  "train_oof_recall_thr05": 0.750547598989048,
  "train_oof_accuracy_thr05": 0.8364285410734775,
  "train_oof_f1_opt": 0.8261915367483296,
  "train_oof_precision_opt": 0.8765595463137996,
  "train_oof_recall_opt": 0.7812973883740523,
  "train_oof_optimal_threshold": 0.4045365947343576,
  "val_auc_roc": 0.9451443176507983,
  "val_auc_pr": 0.9561995380499593,
  "val_brier": 0.09449224366733402,
  "val_log_loss": 0.30375689215117646,
  "val_f1_thr05": 0.8511193218865464,
  "val_precision_thr05": 0.94818401937046,
  "val_recall_thr05": 0.7720820189274448,
  "val_accuracy_thr05": 0.8637358265367018,
  "val_f1_opt": 0.8715953307392996,
  "val_precision_opt": 0.8602150537634409,
  "val_recall_opt": 0.8832807570977917,
  "val_optimal_threshold": 0.3117905590707745,
  "test_auc_roc": 0.9057482020234597,
  "test_auc_pr": 0.9306208738494957,
  "test_brier": 0.11293375830855774,
  "test_log_loss": 0.3547194099166603,
  "test_f1_thr05": 0.8294891140331968,
  "test_precision_thr05": 0.9175011921793038,
  "test_recall_thr05": 0.7568843430369787,
  "test_accuracy_thr05": 0.8430555555555556,
  "test_f1_opt": 0.8322368421052632,
  "test_precision_opt": 0.8716623600344531,
  "test_recall_opt": 0.7962234461054288,
  "test_optimal_threshold": 0.3820431222653078,
  "oof_auc": 0.8939215656101204,
  "overfitting_gap": -0.011826636413339364
}