{
  "model_id": "production_rf_L22_v1_ch30d",
  "sample": "L22",
  "cleanup": "v1_conservative",
  "algorithm": "RandomForest",
  "target": "churn_30d",
  "n_users": 33598,
  "n_features": 62,
  "n_train": 23531,
  "n_val": 5027,
  "n_test": 5040,
  "churn_rate_train": 0.6289150482342442,
  "best_params_json": "{\"n_estimators\": 187, \"max_depth\": 10, \"min_samples_split\": 8, \"min_samples_leaf\": 3, \"max_features\": 0.5, \"class_weight\": null}",
  "optuna_trials_completed": 20,
  "optuna_best_value": 0.8465203259310197,
  "k_folds_oof": 5,
  "training_time_s": 33.96,
  "train_oof_auc_roc": 0.8407293710681135,
  "train_oof_auc_pr": 0.916399979973429,
  "train_oof_brier": 0.15365487197843736,
  "train_oof_log_loss": 0.44872178552112246,
  "train_oof_f1_thr05": 0.7987527328769578,
  "train_oof_precision_thr05": 0.8504808426194475,
  "train_oof_recall_thr05": 0.7529562808297858,
  "train_oof_accuracy_thr05": 0.7613786069440313,
  "train_oof_f1_opt": 0.8063950216808448,
  "train_oof_precision_opt": 0.7903581624708019,
  "train_oof_recall_opt": 0.823096155145618,
  "train_oof_optimal_threshold": 0.422470254371671,
  "val_auc_roc": 0.8949320547549465,
  "val_auc_pr": 0.9443959130054028,
  "val_brier": 0.13064406337126608,
  "val_log_loss": 0.3911944113656182,
  "val_f1_thr05": 0.8321631561350719,
  "val_precision_thr05": 0.8823112371499469,
  "val_recall_thr05": 0.7874090477696931,
  "val_accuracy_thr05": 0.8002784961209469,
  "val_f1_opt": 0.8460236886632826,
  "val_precision_opt": 0.8233532934131736,
  "val_recall_opt": 0.8699778551091427,
  "val_optimal_threshold": 0.41673433769352497,
  "test_auc_roc": 0.8542902208201892,
  "test_auc_pr": 0.9223175362948627,
  "test_brier": 0.14898955004712477,
  "test_log_loss": 0.4371564063100596,
  "test_f1_thr05": 0.8018539976825029,
  "test_precision_thr05": 0.8436084987809126,
  "test_recall_thr05": 0.7640378548895899,
  "test_accuracy_thr05": 0.7625,
  "test_f1_opt": 0.8183174224343676,
  "test_precision_opt": 0.7761743067345784,
  "test_recall_opt": 0.8652996845425868,
  "test_optimal_threshold": 0.40300262163237094,
  "oof_auc": 0.8407293710681135,
  "overfitting_gap": -0.013560849752075721
}