{
  "model_id": "production_rf_L22_v1_ch7d",
  "sample": "L22",
  "cleanup": "v1_conservative",
  "algorithm": "RandomForest",
  "target": "churn_7d",
  "n_users": 33598,
  "n_features": 62,
  "n_train": 23531,
  "n_val": 5027,
  "n_test": 5040,
  "churn_rate_train": 0.4391228592070035,
  "best_params_json": "{\"n_estimators\": 248, \"max_depth\": 12, \"min_samples_split\": 11, \"min_samples_leaf\": 3, \"max_features\": 0.5, \"class_weight\": null}",
  "optuna_trials_completed": 20,
  "optuna_best_value": 0.9329732637228743,
  "k_folds_oof": 5,
  "training_time_s": 34.72,
  "train_oof_auc_roc": 0.9278897762839614,
  "train_oof_auc_pr": 0.9361912979551521,
  "train_oof_brier": 0.09143103001376236,
  "train_oof_log_loss": 0.3023702244756409,
  "train_oof_f1_thr05": 0.8560424690329967,
  "train_oof_precision_thr05": 0.9260218443868934,
  "train_oof_recall_thr05": 0.7958966418271557,
  "train_oof_accuracy_thr05": 0.8824529344269262,
  "train_oof_f1_opt": 0.8561008648536,
  "train_oof_precision_opt": 0.9272091186096377,
  "train_oof_recall_opt": 0.7951224233039775,
  "train_oof_optimal_threshold": 0.503769843894266,
  "val_auc_roc": 0.9626478386826451,
  "val_auc_pr": 0.9651521116889681,
  "val_brier": 0.06698771414830443,
  "val_log_loss": 0.23089050022801919,
  "val_f1_thr05": 0.8933074684772065,
  "val_precision_thr05": 0.9613778705636743,
  "val_recall_thr05": 0.8342391304347826,
  "val_accuracy_thr05": 0.912472647702407,
  "val_f1_opt": 0.8997380328649679,
  "val_precision_opt": 0.9487694625816173,
  "val_recall_opt": 0.8555253623188406,
  "val_optimal_threshold": 0.43035427307490015,
  "test_auc_roc": 0.9254084500198285,
  "test_auc_pr": 0.9348015019510783,
  "test_brier": 0.091827190683569,
  "test_log_loss": 0.30451423216661355,
  "test_f1_thr05": 0.8533980582524272,
  "test_precision_thr05": 0.9218668065023597,
  "test_recall_thr05": 0.7943967464979665,
  "test_accuracy_thr05": 0.8801587301587301,
  "test_f1_opt": 0.8548621190130624,
  "test_precision_opt": 0.9198334200937012,
  "test_recall_opt": 0.798463624039765,
  "test_optimal_threshold": 0.49262429260053,
  "oof_auc": 0.9278897762839614,
  "overfitting_gap": 0.002481326264132888
}