nivel2_cluster,n_overlap,pct_real_churn_7d,pred_mean_7d,calibration_gap_7d,auc_7d,pct_high_risk_7d,pct_real_churn_14d,pred_mean_14d,calibration_gap_14d,auc_14d,pct_high_risk_14d,pct_real_churn_30d,pred_mean_30d,calibration_gap_30d,auc_30d,pct_high_risk_30d
0,83,0.42168674698795183,0.468516182116973,0.04682943512902116,0.9803571428571428,0.3614457831325301,0.0,0.28665042893740605,0.28665042893740605,,0.012048192771084338,0.6987951807228916,0.6407435483241387,-0.058051632398752884,0.8455172413793103,0.42168674698795183
1,101,0.4752475247524752,0.45021908356806734,-0.02502844118440789,0.9190251572327044,0.3564356435643564,0.0,0.19403887719329144,0.19403887719329144,,0.009900990099009901,0.6534653465346535,0.6418590664960613,-0.01160628003859221,0.8857142857142859,0.4752475247524752
2,87,0.5402298850574713,0.48495180066764787,-0.0552780843898234,0.9622340425531914,0.40229885057471265,0.0,0.2179025461685659,0.2179025461685659,,0.022988505747126436,0.6551724137931034,0.6109066317967227,-0.04426578199638076,0.8602339181286549,0.3793103448275862
3,118,0.5,0.4479597646629287,-0.052040235337071306,0.9577707555300201,0.3474576271186441,0.0,0.23940924639770586,0.23940924639770586,,0.025423728813559324,0.6186440677966102,0.6285120177922962,0.009867949995685965,0.8572298325722983,0.3728813559322034
4,565,0.4495575221238938,0.4328294780505713,-0.016728044073322512,0.925348760665367,0.3415929203539823,0.0,0.22207718806457605,0.22207718806457605,,0.010619469026548672,0.6584070796460177,0.6368018337798601,-0.02160524586615764,0.8776533511616245,0.4353982300884956
